"Group.1","Group.2","Number_of_relationship_type","Relationship_type"
"C. Hüttig","A. Glerum",1,"co-authorship"
"C. R. Wilson","A. Glerum",1,"co-authorship"
"C. Stein","A. Glerum",1,"co-authorship"
"C. Thieulot","A. Glerum",1,"co-authorship"
"D. R. Davies","A. Glerum",1,"co-authorship"
"H. Samuel","A. Glerum",1,"co-authorship"
"L. Noack","A. Glerum",1,"co-authorship"
"N. Tosi","A. Glerum",1,"co-authorship"
"P. Maierová","A. Glerum",1,"co-authorship"
"S. C. Kramer","A. Glerum",1,"co-authorship"
"D. Pollard","A. M. Forte",1,"co-authorship"
"J. Austermann","A. M. Forte",1,"co-authorship"
"J. X. Mitrovica","A. M. Forte",1,"co-authorship"
"R. Moucha","A. M. Forte",1,"co-authorship"
"J. Austermann","A. Rovere",1,"co-authorship"
"J. X. Mitrovica","A. Rovere",1,"co-authorship"
"P. Huybers","A. Rovere",1,"co-authorship"
"A. Glerum","A. Rozel",1,"co-authorship"
"C. Hüttig","A. Rozel",1,"co-authorship"
"C. R. Wilson","A. Rozel",1,"co-authorship"
"C. Stein","A. Rozel",1,"co-authorship"
"C. Thieulot","A. Rozel",1,"co-authorship"
"D. R. Davies","A. Rozel",1,"co-authorship"
"H. Samuel","A. Rozel",1,"co-authorship"
"L. Noack","A. Rozel",1,"co-authorship"
"M. Fraters","A. Rozel",1,"co-authorship"
"N. Tosi","A. Rozel",1,"co-authorship"
"P. Maierová","A. Rozel",1,"co-authorship"
"S. C. Kramer","A. Rozel",1,"co-authorship"
"W. Spakman","A. Rozel",1,"co-authorship"
"B. Steinberger","A. Schaeffer",1,"co-authorship"
"E. Bredow","A. Schaeffer",1,"co-authorship"
"S. Lebedev","A. Schaeffer",1,"co-authorship"
"I. Rose","B. Buffett",2,"co-authorship"
"E. Bredow","B. Steinberger",3,"co-authorship"
"J. Dannberg","B. Steinberger",1,"co-authorship"
"R. Gassmöller","B. Steinberger",1,"co-authorship"
"A. Glerum","C. Blom",1,"co-authorship"
"C. Thieulot","C. Blom",1,"co-authorship"
"M. Fraters","C. Blom",1,"co-authorship"
"C. Stein","C. Hüttig",1,"co-authorship"
"L. Noack","C. Hüttig",1,"co-authorship"
"N. Tosi","C. Hüttig",1,"co-authorship"
"S. Zhang","C. O'Neill",1,"co-authorship"
"C. Hüttig","C. R. Wilson",1,"co-authorship"
"C. Stein","C. R. Wilson",1,"co-authorship"
"D. R. Davies","C. R. Wilson",1,"co-authorship"
"H. Samuel","C. R. Wilson",1,"co-authorship"
"L. Noack","C. R. Wilson",1,"co-authorship"
"N. Tosi","C. R. Wilson",1,"co-authorship"
"P. Maierová","C. R. Wilson",1,"co-authorship"
"N. Tosi","C. Stein",1,"co-authorship"
"A. Glerum","C. Thieulot",1,"co-authorship"
"C. Hüttig","C. Thieulot",1,"co-authorship"
"C. R. Wilson","C. Thieulot",1,"co-authorship"
"C. Stein","C. Thieulot",1,"co-authorship"
"D. R. Davies","C. Thieulot",1,"co-authorship"
"H. Samuel","C. Thieulot",1,"co-authorship"
"L. Noack","C. Thieulot",1,"co-authorship"
"N. Tosi","C. Thieulot",1,"co-authorship"
"P. Maierová","C. Thieulot",1,"co-authorship"
"S. C. Kramer","C. Thieulot",1,"co-authorship"
"A. M. Forte","D. B. Rowley",1,"co-authorship"
"D. Pollard","D. B. Rowley",1,"co-authorship"
"J. Austermann","D. B. Rowley",1,"co-authorship"
"J. X. Mitrovica","D. B. Rowley",1,"co-authorship"
"R. M. DeConto","D. B. Rowley",1,"co-authorship"
"R. Moucha","D. B. Rowley",1,"co-authorship"
"E. G. Puckett","D. L. Turcotte",1,"co-authorship"
"J. Austermann","D. Pollard",1,"co-authorship"
"C. Hüttig","D. R. Davies",1,"co-authorship"
"C. Stein","D. R. Davies",1,"co-authorship"
"H. Samuel","D. R. Davies",1,"co-authorship"
"L. Noack","D. R. Davies",1,"co-authorship"
"N. Tosi","D. R. Davies",1,"co-authorship"
"P. Maierová","D. R. Davies",1,"co-authorship"
"B. Steinberger","E. Bredow",1,"co-authorship"
"J. Dannberg","E. Bredow",1,"co-authorship"
"R. Gassmöller","E. Bredow",1,"co-authorship"
"Y. He","E. G. Puckett",1,"co-authorship"
"D. L. Turcotte","H. Lokavarapu",1,"co-authorship"
"E. G. Puckett","H. Lokavarapu",1,"co-authorship"
"Y. He","H. Lokavarapu",1,"co-authorship"
"C. Hüttig","H. Samuel",1,"co-authorship"
"C. Stein","H. Samuel",1,"co-authorship"
"L. Noack","H. Samuel",1,"co-authorship"
"N. Tosi","H. Samuel",1,"co-authorship"
"P. Maierová","H. Samuel",1,"co-authorship"
"B. Steinberger","J. Dannberg",1,"co-authorship"
"E. Bredow","J. Dannberg",1,"co-authorship"
"R. Gassmöller","J. Dannberg",2,"co-authorship"
"T. Heister","J. Dannberg",1,"co-authorship"
"D. L. Turcotte","J. M. Robey",1,"co-authorship"
"E. G. Puckett","J. M. Robey",1,"co-authorship"
"H. Lokavarapu","J. M. Robey",1,"co-authorship"
"Y. He","J. M. Robey",1,"co-authorship"
"K. Takeyama","J. Makino",1,"co-authorship"
"T. R. Saitoh","J. Makino",1,"co-authorship"
"P. J. Heron","J. van Hunen",1,"co-authorship"
"R. N. Pysklywec","J. van Hunen",1,"co-authorship"
"R. Stephenson","J. van Hunen",1,"co-authorship"
"D. Pollard","J. X. Mitrovica",1,"co-authorship"
"J. Austermann","J. X. Mitrovica",2,"co-authorship"
"D. L. Turcotte","L. H. Kellogg",1,"co-authorship"
"E. G. Puckett","L. H. Kellogg",1,"co-authorship"
"H. Lokavarapu","L. H. Kellogg",1,"co-authorship"
"J. M. Robey","L. H. Kellogg",1,"co-authorship"
"Y. He","L. H. Kellogg",1,"co-authorship"
"C. Stein","L. Noack",1,"co-authorship"
"N. Tosi","L. Noack",1,"co-authorship"
"A. M. Forte","M. E. Raymo",1,"co-authorship"
"D. B. Rowley","M. E. Raymo",1,"co-authorship"
"D. Pollard","M. E. Raymo",1,"co-authorship"
"J. Austermann","M. E. Raymo",1,"co-authorship"
"J. X. Mitrovica","M. E. Raymo",1,"co-authorship"
"R. M. DeConto","M. E. Raymo",1,"co-authorship"
"R. Moucha","M. E. Raymo",1,"co-authorship"
"A. Glerum","M. Fraters",2,"co-authorship"
"C. Hüttig","M. Fraters",1,"co-authorship"
"C. R. Wilson","M. Fraters",1,"co-authorship"
"C. Stein","M. Fraters",1,"co-authorship"
"C. Thieulot","M. Fraters",2,"co-authorship"
"D. R. Davies","M. Fraters",1,"co-authorship"
"H. Samuel","M. Fraters",1,"co-authorship"
"L. Noack","M. Fraters",1,"co-authorship"
"N. Tosi","M. Fraters",1,"co-authorship"
"P. Maierová","M. Fraters",1,"co-authorship"
"S. C. Kramer","M. Fraters",1,"co-authorship"
"E. G. Puckett","M. I. Billen",1,"co-authorship"
"Y. He","M. I. Billen",1,"co-authorship"
"J. Austermann","P. Huybers",1,"co-authorship"
"J. X. Mitrovica","P. Huybers",1,"co-authorship"
"A. Glerum","P. J. Tackley",1,"co-authorship"
"A. Rozel","P. J. Tackley",1,"co-authorship"
"C. Hüttig","P. J. Tackley",1,"co-authorship"
"C. R. Wilson","P. J. Tackley",1,"co-authorship"
"C. Stein","P. J. Tackley",1,"co-authorship"
"C. Thieulot","P. J. Tackley",1,"co-authorship"
"D. R. Davies","P. J. Tackley",1,"co-authorship"
"H. Samuel","P. J. Tackley",1,"co-authorship"
"L. Noack","P. J. Tackley",1,"co-authorship"
"M. Fraters","P. J. Tackley",1,"co-authorship"
"N. Tosi","P. J. Tackley",1,"co-authorship"
"P. Maierová","P. J. Tackley",1,"co-authorship"
"S. C. Kramer","P. J. Tackley",1,"co-authorship"
"W. Spakman","P. J. Tackley",1,"co-authorship"
"C. Hüttig","P. Maierová",1,"co-authorship"
"C. Stein","P. Maierová",1,"co-authorship"
"L. Noack","P. Maierová",1,"co-authorship"
"N. Tosi","P. Maierová",1,"co-authorship"
"J. Dannberg","P. Moulik",1,"co-authorship"
"R. Gassmöller","P. Moulik",1,"co-authorship"
"U. Faul","P. Moulik",1,"co-authorship"
"Z. Eilon","P. Moulik",1,"co-authorship"
"B. Steinberger","R. Gassmöller",1,"co-authorship"
"E. Bredow","R. Gassmöller",1,"co-authorship"
"J. Dannberg","R. Gassmöller",3,"co-authorship"
"T. Heister","R. Gassmöller",1,"co-authorship"
"U. Faul","R. Gassmöller",1,"co-authorship"
"Z. Eilon","R. Gassmöller",1,"co-authorship"
"A. M. Forte","R. M. DeConto",1,"co-authorship"
"D. Pollard","R. M. DeConto",1,"co-authorship"
"J. Austermann","R. M. DeConto",1,"co-authorship"
"J. X. Mitrovica","R. M. DeConto",1,"co-authorship"
"R. Moucha","R. M. DeConto",1,"co-authorship"
"D. Pollard","R. Moucha",1,"co-authorship"
"J. Austermann","R. Moucha",1,"co-authorship"
"J. X. Mitrovica","R. Moucha",1,"co-authorship"
"J. Dannberg","R. Myhill",1,"co-authorship"
"P. Moulik","R. Myhill",1,"co-authorship"
"R. Gassmöller","R. Myhill",1,"co-authorship"
"U. Faul","R. Myhill",1,"co-authorship"
"Z. Eilon","R. Myhill",1,"co-authorship"
"P. J. Heron","R. N. Pysklywec",1,"co-authorship"
"P. J. Heron","R. Stephenson",1,"co-authorship"
"R. N. Pysklywec","R. Stephenson",1,"co-authorship"
"C. Hüttig","S. C. Kramer",1,"co-authorship"
"C. R. Wilson","S. C. Kramer",1,"co-authorship"
"C. Stein","S. C. Kramer",1,"co-authorship"
"D. R. Davies","S. C. Kramer",1,"co-authorship"
"H. Samuel","S. C. Kramer",1,"co-authorship"
"L. Noack","S. C. Kramer",1,"co-authorship"
"N. Tosi","S. C. Kramer",1,"co-authorship"
"P. Maierová","S. C. Kramer",1,"co-authorship"
"B. Steinberger","S. Lebedev",1,"co-authorship"
"E. Bredow","S. Lebedev",1,"co-authorship"
"C. O'Neill","S. Zhang",1,"co-authorship"
"A. Schaeffer","T. H. Torsvik",1,"co-authorship"
"B. Steinberger","T. H. Torsvik",2,"co-authorship"
"E. Bredow","T. H. Torsvik",2,"co-authorship"
"J. Dannberg","T. H. Torsvik",1,"co-authorship"
"R. Gassmöller","T. H. Torsvik",1,"co-authorship"
"S. Lebedev","T. H. Torsvik",1,"co-authorship"
"B. Buffett","T. Heister",1,"co-authorship"
"I. Rose","T. Heister",1,"co-authorship"
"J. Dannberg","T. Heister",1,"co-authorship"
"M. Kronbichler","T. Heister",1,"co-authorship"
"K. Takeyama","T. R. Saitoh",1,"co-authorship"
"J. Dannberg","U. Faul",1,"co-authorship"
"Z. Eilon","U. Faul",1,"co-authorship"
"J. Dannberg","W. Bangerth",1,"co-authorship"
"M. Kronbichler","W. Bangerth",1,"co-authorship"
"R. Gassmöller","W. Bangerth",1,"co-authorship"
"T. Heister","W. Bangerth",2,"co-authorship"
"A. Glerum","W. Spakman",2,"co-authorship"
"C. Blom","W. Spakman",1,"co-authorship"
"C. Hüttig","W. Spakman",1,"co-authorship"
"C. R. Wilson","W. Spakman",1,"co-authorship"
"C. Stein","W. Spakman",1,"co-authorship"
"C. Thieulot","W. Spakman",2,"co-authorship"
"D. R. Davies","W. Spakman",1,"co-authorship"
"H. Samuel","W. Spakman",1,"co-authorship"
"L. Noack","W. Spakman",1,"co-authorship"
"M. Fraters","W. Spakman",2,"co-authorship"
"N. Tosi","W. Spakman",1,"co-authorship"
"P. Maierová","W. Spakman",1,"co-authorship"
"S. C. Kramer","W. Spakman",1,"co-authorship"
"D. L. Turcotte","Y. He",1,"co-authorship"
"E. G. Puckett","Y. He",1,"co-authorship"
"N. Zhang","Z-X Li",1,"co-authorship"
"J. Dannberg","Z. Eilon",1,"co-authorship"
"A. Glerum","C. Thieulot",5,"co-hacks"
"A. Glerum","I. Rose",4,"co-hacks"
"A. Glerum","J. Austermann",5,"co-hacks"
"A. Glerum","J. Dannberg",5,"co-hacks"
"A. Glerum","K. Arredondo",1,"co-hacks"
"A. Glerum","M. Fraters",5,"co-hacks"
"A. Glerum","N. Zhang",1,"co-hacks"
"A. Glerum","R. Gassmöller",5,"co-hacks"
"A. Glerum","R. Grove",3,"co-hacks"
"A. Glerum","S. Stamps",2,"co-hacks"
"A. Glerum","S. Zhang",1,"co-hacks"
"A. Glerum","T. Heister",5,"co-hacks"
"A. Glerum","W. Bangerth",5,"co-hacks"
"C. Thieulot","I. Rose",4,"co-hacks"
"C. Thieulot","J. Austermann",5,"co-hacks"
"C. Thieulot","J. Dannberg",5,"co-hacks"
"C. Thieulot","K. Arredondo",1,"co-hacks"
"C. Thieulot","M. Fraters",5,"co-hacks"
"C. Thieulot","N. Zhang",1,"co-hacks"
"C. Thieulot","R. Gassmöller",5,"co-hacks"
"C. Thieulot","R. Grove",3,"co-hacks"
"C. Thieulot","S. Stamps",2,"co-hacks"
"C. Thieulot","S. Zhang",1,"co-hacks"
"C. Thieulot","T. Heister",5,"co-hacks"
"C. Thieulot","W. Bangerth",5,"co-hacks"
"I. Rose","J. Austermann",4,"co-hacks"
"I. Rose","J. Dannberg",4,"co-hacks"
"I. Rose","K. Arredondo",1,"co-hacks"
"I. Rose","M. Fraters",4,"co-hacks"
"I. Rose","N. Zhang",1,"co-hacks"
"I. Rose","R. Gassmöller",4,"co-hacks"
"I. Rose","R. Grove",3,"co-hacks"
"I. Rose","S. Stamps",2,"co-hacks"
"I. Rose","S. Zhang",1,"co-hacks"
"I. Rose","T. Heister",4,"co-hacks"
"I. Rose","W. Bangerth",4,"co-hacks"
"J. Austermann","J. Dannberg",5,"co-hacks"
"J. Austermann","K. Arredondo",1,"co-hacks"
"J. Austermann","M. Fraters",5,"co-hacks"
"J. Austermann","N. Zhang",1,"co-hacks"
"J. Austermann","R. Gassmöller",5,"co-hacks"
"J. Austermann","R. Grove",3,"co-hacks"
"J. Austermann","S. Stamps",2,"co-hacks"
"J. Austermann","S. Zhang",1,"co-hacks"
"J. Austermann","T. Heister",5,"co-hacks"
"J. Austermann","W. Bangerth",5,"co-hacks"
"J. Dannberg","K. Arredondo",1,"co-hacks"
"J. Dannberg","M. Fraters",5,"co-hacks"
"J. Dannberg","N. Zhang",1,"co-hacks"
"J. Dannberg","R. Gassmöller",5,"co-hacks"
"J. Dannberg","R. Grove",3,"co-hacks"
"J. Dannberg","S. Stamps",2,"co-hacks"
"J. Dannberg","S. Zhang",1,"co-hacks"
"J. Dannberg","T. Heister",5,"co-hacks"
"J. Dannberg","W. Bangerth",5,"co-hacks"
"K. Arredondo","M. Fraters",1,"co-hacks"
"K. Arredondo","N. Zhang",1,"co-hacks"
"K. Arredondo","R. Gassmöller",1,"co-hacks"
"K. Arredondo","R. Grove",1,"co-hacks"
"K. Arredondo","S. Stamps",1,"co-hacks"
"K. Arredondo","S. Zhang",1,"co-hacks"
"K. Arredondo","T. Heister",1,"co-hacks"
"K. Arredondo","W. Bangerth",1,"co-hacks"
"M. Fraters","N. Zhang",1,"co-hacks"
"M. Fraters","R. Gassmöller",5,"co-hacks"
"M. Fraters","R. Grove",3,"co-hacks"
"M. Fraters","S. Stamps",2,"co-hacks"
"M. Fraters","S. Zhang",1,"co-hacks"
"M. Fraters","T. Heister",5,"co-hacks"
"M. Fraters","W. Bangerth",5,"co-hacks"
"N. Zhang","R. Gassmöller",1,"co-hacks"
"N. Zhang","R. Grove",1,"co-hacks"
"N. Zhang","S. Stamps",1,"co-hacks"
"N. Zhang","S. Zhang",1,"co-hacks"
"N. Zhang","T. Heister",1,"co-hacks"
"N. Zhang","W. Bangerth",1,"co-hacks"
"R. Gassmöller","R. Grove",3,"co-hacks"
"R. Gassmöller","S. Stamps",2,"co-hacks"
"R. Gassmöller","S. Zhang",1,"co-hacks"
"R. Gassmöller","T. Heister",5,"co-hacks"
"R. Gassmöller","W. Bangerth",5,"co-hacks"
"R. Grove","S. Stamps",2,"co-hacks"
"R. Grove","S. Zhang",1,"co-hacks"
"R. Grove","T. Heister",3,"co-hacks"
"R. Grove","W. Bangerth",3,"co-hacks"
"S. Stamps","S. Zhang",1,"co-hacks"
"S. Stamps","T. Heister",2,"co-hacks"
"S. Stamps","W. Bangerth",2,"co-hacks"
"S. Zhang","T. Heister",1,"co-hacks"
"S. Zhang","W. Bangerth",1,"co-hacks"
"T. Heister","W. Bangerth",5,"co-hacks"
"A. Glerum","B. Myhill",3,"co-hacks"
"A. Glerum","C. Branecky",1,"co-hacks"
"A. Glerum","C. Thieulot",5,"co-hacks"
"A. Glerum","E. G. Puckett",4,"co-hacks"
"A. Glerum","E. Bredow",1,"co-hacks"
"A. Glerum","I. Rose",4,"co-hacks"
"A. Glerum","J. Austermann",5,"co-hacks"
"A. Glerum","J. Perry-Houts",1,"co-hacks"
"A. Glerum","J. Dannberg",5,"co-hacks"
"A. Glerum","K. Moore",1,"co-hacks"
"A. Glerum","L. Hwang",4,"co-hacks"
"A. Glerum","L. H. Kellogg",2,"co-hacks"
"A. Glerum","M. Rudolph",1,"co-hacks"
"A. Glerum","M. Fraters",5,"co-hacks"
"A. Glerum","R. Gassmöller",5,"co-hacks"
"A. Glerum","R. Grove",3,"co-hacks"
"A. Glerum","S. Stamps",2,"co-hacks"
"A. Glerum","S. Tarlow",1,"co-hacks"
"A. Glerum","S. Liu",3,"co-hacks"
"A. Glerum","T. Heister",5,"co-hacks"
"A. Glerum","W. Bangerth",5,"co-hacks"
"A. Glerum","Y. He",3,"co-hacks"
"B. Myhill","C. Branecky",1,"co-hacks"
"B. Myhill","C. Thieulot",3,"co-hacks"
"B. Myhill","E. G. Puckett",3,"co-hacks"
"B. Myhill","E. Bredow",1,"co-hacks"
"B. Myhill","I. Rose",2,"co-hacks"
"B. Myhill","J. Austermann",3,"co-hacks"
"B. Myhill","J. Perry-Houts",1,"co-hacks"
"B. Myhill","J. Dannberg",3,"co-hacks"
"B. Myhill","K. Moore",1,"co-hacks"
"B. Myhill","L. Hwang",3,"co-hacks"
"B. Myhill","L. H. Kellogg",1,"co-hacks"
"B. Myhill","M. Rudolph",1,"co-hacks"
"B. Myhill","M. Fraters",3,"co-hacks"
"B. Myhill","R. Gassmöller",3,"co-hacks"
"B. Myhill","R. Grove",2,"co-hacks"
"B. Myhill","S. Stamps",1,"co-hacks"
"B. Myhill","S. Tarlow",1,"co-hacks"
"B. Myhill","S. Liu",2,"co-hacks"
"B. Myhill","T. Heister",3,"co-hacks"
"B. Myhill","W. Bangerth",3,"co-hacks"
"B. Myhill","Y. He",2,"co-hacks"
"C. Branecky","C. Thieulot",1,"co-hacks"
"C. Branecky","E. G. Puckett",1,"co-hacks"
"C. Branecky","E. Bredow",1,"co-hacks"
"C. Branecky","I. Rose",1,"co-hacks"
"C. Branecky","J. Austermann",1,"co-hacks"
"C. Branecky","J. Perry-Houts",1,"co-hacks"
"C. Branecky","J. Dannberg",1,"co-hacks"
"C. Branecky","K. Moore",1,"co-hacks"
"C. Branecky","L. Hwang",1,"co-hacks"
"C. Branecky","L. H. Kellogg",1,"co-hacks"
"C. Branecky","M. Rudolph",1,"co-hacks"
"C. Branecky","M. Fraters",1,"co-hacks"
"C. Branecky","R. Gassmöller",1,"co-hacks"
"C. Branecky","R. Grove",1,"co-hacks"
"C. Branecky","S. Stamps",1,"co-hacks"
"C. Branecky","S. Tarlow",1,"co-hacks"
"C. Branecky","S. Liu",1,"co-hacks"
"C. Branecky","T. Heister",1,"co-hacks"
"C. Branecky","W. Bangerth",1,"co-hacks"
"C. Branecky","Y. He",1,"co-hacks"
"C. Thieulot","E. G. Puckett",4,"co-hacks"
"C. Thieulot","E. Bredow",1,"co-hacks"
"C. Thieulot","I. Rose",4,"co-hacks"
"C. Thieulot","J. Austermann",5,"co-hacks"
"C. Thieulot","J. Perry-Houts",1,"co-hacks"
"C. Thieulot","J. Dannberg",5,"co-hacks"
"C. Thieulot","K. Moore",1,"co-hacks"
"C. Thieulot","L. Hwang",4,"co-hacks"
"C. Thieulot","L. H. Kellogg",2,"co-hacks"
"C. Thieulot","M. Rudolph",1,"co-hacks"
"C. Thieulot","M. Fraters",5,"co-hacks"
"C. Thieulot","R. Gassmöller",5,"co-hacks"
"C. Thieulot","R. Grove",3,"co-hacks"
"C. Thieulot","S. Stamps",2,"co-hacks"
"C. Thieulot","S. Tarlow",1,"co-hacks"
"C. Thieulot","S. Liu",3,"co-hacks"
"C. Thieulot","T. Heister",5,"co-hacks"
"C. Thieulot","W. Bangerth",5,"co-hacks"
"C. Thieulot","Y. He",3,"co-hacks"
"E. G. Puckett","E. Bredow",1,"co-hacks"
"E. G. Puckett","I. Rose",3,"co-hacks"
"E. G. Puckett","J. Austermann",4,"co-hacks"
"E. G. Puckett","J. Perry-Houts",1,"co-hacks"
"E. G. Puckett","J. Dannberg",4,"co-hacks"
"E. G. Puckett","K. Moore",1,"co-hacks"
"E. G. Puckett","L. Hwang",4,"co-hacks"
"E. G. Puckett","L. H. Kellogg",2,"co-hacks"
"E. G. Puckett","M. Rudolph",1,"co-hacks"
"E. G. Puckett","M. Fraters",4,"co-hacks"
"E. G. Puckett","R. Gassmöller",4,"co-hacks"
"E. G. Puckett","R. Grove",2,"co-hacks"
"E. G. Puckett","S. Stamps",1,"co-hacks"
"E. G. Puckett","S. Tarlow",1,"co-hacks"
"E. G. Puckett","S. Liu",3,"co-hacks"
"E. G. Puckett","T. Heister",4,"co-hacks"
"E. G. Puckett","W. Bangerth",4,"co-hacks"
"E. G. Puckett","Y. He",3,"co-hacks"
"E. Bredow","I. Rose",1,"co-hacks"
"E. Bredow","J. Austermann",1,"co-hacks"
"E. Bredow","J. Perry-Houts",1,"co-hacks"
"E. Bredow","J. Dannberg",1,"co-hacks"
"E. Bredow","K. Moore",1,"co-hacks"
"E. Bredow","L. Hwang",1,"co-hacks"
"E. Bredow","L. H. Kellogg",1,"co-hacks"
"E. Bredow","M. Rudolph",1,"co-hacks"
"E. Bredow","M. Fraters",1,"co-hacks"
"E. Bredow","R. Gassmöller",1,"co-hacks"
"E. Bredow","R. Grove",1,"co-hacks"
"E. Bredow","S. Stamps",1,"co-hacks"
"E. Bredow","S. Tarlow",1,"co-hacks"
"E. Bredow","S. Liu",1,"co-hacks"
"E. Bredow","T. Heister",1,"co-hacks"
"E. Bredow","W. Bangerth",1,"co-hacks"
"E. Bredow","Y. He",1,"co-hacks"
"I. Rose","J. Austermann",4,"co-hacks"
"I. Rose","J. Perry-Houts",1,"co-hacks"
"I. Rose","J. Dannberg",4,"co-hacks"
"I. Rose","K. Moore",1,"co-hacks"
"I. Rose","L. Hwang",3,"co-hacks"
"I. Rose","L. H. Kellogg",2,"co-hacks"
"I. Rose","M. Rudolph",1,"co-hacks"
"I. Rose","M. Fraters",4,"co-hacks"
"I. Rose","R. Gassmöller",4,"co-hacks"
"I. Rose","R. Grove",3,"co-hacks"
"I. Rose","S. Stamps",2,"co-hacks"
"I. Rose","S. Tarlow",1,"co-hacks"
"I. Rose","S. Liu",3,"co-hacks"
"I. Rose","T. Heister",4,"co-hacks"
"I. Rose","W. Bangerth",4,"co-hacks"
"I. Rose","Y. He",3,"co-hacks"
"J. Austermann","J. Perry-Houts",1,"co-hacks"
"J. Austermann","J. Dannberg",5,"co-hacks"
"J. Austermann","K. Moore",1,"co-hacks"
"J. Austermann","L. Hwang",4,"co-hacks"
"J. Austermann","L. H. Kellogg",2,"co-hacks"
"J. Austermann","M. Rudolph",1,"co-hacks"
"J. Austermann","M. Fraters",5,"co-hacks"
"J. Austermann","R. Gassmöller",5,"co-hacks"
"J. Austermann","R. Grove",3,"co-hacks"
"J. Austermann","S. Stamps",2,"co-hacks"
"J. Austermann","S. Tarlow",1,"co-hacks"
"J. Austermann","S. Liu",3,"co-hacks"
"J. Austermann","T. Heister",5,"co-hacks"
"J. Austermann","W. Bangerth",5,"co-hacks"
"J. Austermann","Y. He",3,"co-hacks"
"J. Perry-Houts","J. Dannberg",1,"co-hacks"
"J. Perry-Houts","K. Moore",1,"co-hacks"
"J. Perry-Houts","L. Hwang",1,"co-hacks"
"J. Perry-Houts","L. H. Kellogg",1,"co-hacks"
"J. Perry-Houts","M. Rudolph",1,"co-hacks"
"J. Perry-Houts","M. Fraters",1,"co-hacks"
"J. Perry-Houts","R. Gassmöller",1,"co-hacks"
"J. Perry-Houts","R. Grove",1,"co-hacks"
"J. Perry-Houts","S. Stamps",1,"co-hacks"
"J. Perry-Houts","S. Tarlow",1,"co-hacks"
"J. Perry-Houts","S. Liu",1,"co-hacks"
"J. Perry-Houts","T. Heister",1,"co-hacks"
"J. Perry-Houts","W. Bangerth",1,"co-hacks"
"J. Perry-Houts","Y. He",1,"co-hacks"
"J. Dannberg","K. Moore",1,"co-hacks"
"J. Dannberg","L. Hwang",4,"co-hacks"
"J. Dannberg","L. H. Kellogg",2,"co-hacks"
"J. Dannberg","M. Rudolph",1,"co-hacks"
"J. Dannberg","M. Fraters",5,"co-hacks"
"J. Dannberg","R. Gassmöller",5,"co-hacks"
"J. Dannberg","R. Grove",3,"co-hacks"
"J. Dannberg","S. Stamps",2,"co-hacks"
"J. Dannberg","S. Tarlow",1,"co-hacks"
"J. Dannberg","S. Liu",3,"co-hacks"
"J. Dannberg","T. Heister",5,"co-hacks"
"J. Dannberg","W. Bangerth",5,"co-hacks"
"J. Dannberg","Y. He",3,"co-hacks"
"K. Moore","L. Hwang",1,"co-hacks"
"K. Moore","L. H. Kellogg",1,"co-hacks"
"K. Moore","M. Rudolph",1,"co-hacks"
"K. Moore","M. Fraters",1,"co-hacks"
"K. Moore","R. Gassmöller",1,"co-hacks"
"K. Moore","R. Grove",1,"co-hacks"
"K. Moore","S. Stamps",1,"co-hacks"
"K. Moore","S. Tarlow",1,"co-hacks"
"K. Moore","S. Liu",1,"co-hacks"
"K. Moore","T. Heister",1,"co-hacks"
"K. Moore","W. Bangerth",1,"co-hacks"
"K. Moore","Y. He",1,"co-hacks"
"L. Hwang","L. H. Kellogg",2,"co-hacks"
"L. Hwang","M. Rudolph",1,"co-hacks"
"L. Hwang","M. Fraters",4,"co-hacks"
"L. Hwang","R. Gassmöller",4,"co-hacks"
"L. Hwang","R. Grove",2,"co-hacks"
"L. Hwang","S. Stamps",1,"co-hacks"
"L. Hwang","S. Tarlow",1,"co-hacks"
"L. Hwang","S. Liu",3,"co-hacks"
"L. Hwang","T. Heister",4,"co-hacks"
"L. Hwang","W. Bangerth",4,"co-hacks"
"L. Hwang","Y. He",3,"co-hacks"
"L. H. Kellogg","M. Rudolph",1,"co-hacks"
"L. H. Kellogg","M. Fraters",2,"co-hacks"
"L. H. Kellogg","R. Gassmöller",2,"co-hacks"
"L. H. Kellogg","R. Grove",1,"co-hacks"
"L. H. Kellogg","S. Stamps",1,"co-hacks"
"L. H. Kellogg","S. Tarlow",1,"co-hacks"
"L. H. Kellogg","S. Liu",2,"co-hacks"
"L. H. Kellogg","T. Heister",2,"co-hacks"
"L. H. Kellogg","W. Bangerth",2,"co-hacks"
"L. H. Kellogg","Y. He",2,"co-hacks"
"M. Rudolph","M. Fraters",1,"co-hacks"
"M. Rudolph","R. Gassmöller",1,"co-hacks"
"M. Rudolph","R. Grove",1,"co-hacks"
"M. Rudolph","S. Stamps",1,"co-hacks"
"M. Rudolph","S. Tarlow",1,"co-hacks"
"M. Rudolph","S. Liu",1,"co-hacks"
"M. Rudolph","T. Heister",1,"co-hacks"
"M. Rudolph","W. Bangerth",1,"co-hacks"
"M. Rudolph","Y. He",1,"co-hacks"
"M. Fraters","R. Gassmöller",5,"co-hacks"
"M. Fraters","R. Grove",3,"co-hacks"
"M. Fraters","S. Stamps",2,"co-hacks"
"M. Fraters","S. Tarlow",1,"co-hacks"
"M. Fraters","S. Liu",3,"co-hacks"
"M. Fraters","T. Heister",5,"co-hacks"
"M. Fraters","W. Bangerth",5,"co-hacks"
"M. Fraters","Y. He",3,"co-hacks"
"R. Gassmöller","R. Grove",3,"co-hacks"
"R. Gassmöller","S. Stamps",2,"co-hacks"
"R. Gassmöller","S. Tarlow",1,"co-hacks"
"R. Gassmöller","S. Liu",3,"co-hacks"
"R. Gassmöller","T. Heister",5,"co-hacks"
"R. Gassmöller","W. Bangerth",5,"co-hacks"
"R. Gassmöller","Y. He",3,"co-hacks"
"R. Grove","S. Stamps",2,"co-hacks"
"R. Grove","S. Tarlow",1,"co-hacks"
"R. Grove","S. Liu",2,"co-hacks"
"R. Grove","T. Heister",3,"co-hacks"
"R. Grove","W. Bangerth",3,"co-hacks"
"R. Grove","Y. He",2,"co-hacks"
"S. Stamps","S. Tarlow",1,"co-hacks"
"S. Stamps","S. Liu",1,"co-hacks"
"S. Stamps","T. Heister",2,"co-hacks"
"S. Stamps","W. Bangerth",2,"co-hacks"
"S. Stamps","Y. He",1,"co-hacks"
"S. Tarlow","S. Liu",1,"co-hacks"
"S. Tarlow","T. Heister",1,"co-hacks"
"S. Tarlow","W. Bangerth",1,"co-hacks"
"S. Tarlow","Y. He",1,"co-hacks"
"S. Liu","T. Heister",3,"co-hacks"
"S. Liu","W. Bangerth",3,"co-hacks"
"S. Liu","Y. He",3,"co-hacks"
"T. Heister","W. Bangerth",5,"co-hacks"
"T. Heister","Y. He",3,"co-hacks"
"W. Bangerth","Y. He",3,"co-hacks"
"A. Glerum","A. Tutu",1,"co-hacks"
"A. Glerum","B. Smith",1,"co-hacks"
"A. Glerum","C. Thieulot",5,"co-hacks"
"A. Glerum","E. G. Puckett",4,"co-hacks"
"A. Glerum","H. Lokavarapu",2,"co-hacks"
"A. Glerum","I. Rose",4,"co-hacks"
"A. Glerum","J. Austermann",5,"co-hacks"
"A. Glerum","J. Naliboff",3,"co-hacks"
"A. Glerum","J. M. Robey",1,"co-hacks"
"A. Glerum","J. Dannberg",5,"co-hacks"
"A. Glerum","L. Hwang",4,"co-hacks"
"A. Glerum","L. H. Kellogg",2,"co-hacks"
"A. Glerum","M. Fraters",5,"co-hacks"
"A. Glerum","R. Gassmöller",5,"co-hacks"
"A. Glerum","S. P. Cox",1,"co-hacks"
"A. Glerum","S. Liu",3,"co-hacks"
"A. Glerum","T. Rajaonarison",1,"co-hacks"
"A. Glerum","T. Heister",5,"co-hacks"
"A. Glerum","W. Bangerth",5,"co-hacks"
"A. Glerum","Y. He",3,"co-hacks"
"A. Tutu","B. Smith",1,"co-hacks"
"A. Tutu","C. Thieulot",1,"co-hacks"
"A. Tutu","E. G. Puckett",1,"co-hacks"
"A. Tutu","H. Lokavarapu",1,"co-hacks"
"A. Tutu","I. Rose",1,"co-hacks"
"A. Tutu","J. Austermann",1,"co-hacks"
"A. Tutu","J. Naliboff",1,"co-hacks"
"A. Tutu","J. M. Robey",1,"co-hacks"
"A. Tutu","J. Dannberg",1,"co-hacks"
"A. Tutu","L. Hwang",1,"co-hacks"
"A. Tutu","L. H. Kellogg",1,"co-hacks"
"A. Tutu","M. Fraters",1,"co-hacks"
"A. Tutu","R. Gassmöller",1,"co-hacks"
"A. Tutu","S. P. Cox",1,"co-hacks"
"A. Tutu","S. Liu",1,"co-hacks"
"A. Tutu","T. Rajaonarison",1,"co-hacks"
"A. Tutu","T. Heister",1,"co-hacks"
"A. Tutu","W. Bangerth",1,"co-hacks"
"A. Tutu","Y. He",1,"co-hacks"
"B. Smith","C. Thieulot",1,"co-hacks"
"B. Smith","E. G. Puckett",1,"co-hacks"
"B. Smith","H. Lokavarapu",1,"co-hacks"
"B. Smith","I. Rose",1,"co-hacks"
"B. Smith","J. Austermann",1,"co-hacks"
"B. Smith","J. Naliboff",1,"co-hacks"
"B. Smith","J. M. Robey",1,"co-hacks"
"B. Smith","J. Dannberg",1,"co-hacks"
"B. Smith","L. Hwang",1,"co-hacks"
"B. Smith","L. H. Kellogg",1,"co-hacks"
"B. Smith","M. Fraters",1,"co-hacks"
"B. Smith","R. Gassmöller",1,"co-hacks"
"B. Smith","S. P. Cox",1,"co-hacks"
"B. Smith","S. Liu",1,"co-hacks"
"B. Smith","T. Rajaonarison",1,"co-hacks"
"B. Smith","T. Heister",1,"co-hacks"
"B. Smith","W. Bangerth",1,"co-hacks"
"B. Smith","Y. He",1,"co-hacks"
"C. Thieulot","E. G. Puckett",4,"co-hacks"
"C. Thieulot","H. Lokavarapu",2,"co-hacks"
"C. Thieulot","I. Rose",4,"co-hacks"
"C. Thieulot","J. Austermann",5,"co-hacks"
"C. Thieulot","J. Naliboff",3,"co-hacks"
"C. Thieulot","J. M. Robey",1,"co-hacks"
"C. Thieulot","J. Dannberg",5,"co-hacks"
"C. Thieulot","L. Hwang",4,"co-hacks"
"C. Thieulot","L. H. Kellogg",2,"co-hacks"
"C. Thieulot","M. Fraters",5,"co-hacks"
"C. Thieulot","R. Gassmöller",5,"co-hacks"
"C. Thieulot","S. P. Cox",1,"co-hacks"
"C. Thieulot","S. Liu",3,"co-hacks"
"C. Thieulot","T. Rajaonarison",1,"co-hacks"
"C. Thieulot","T. Heister",5,"co-hacks"
"C. Thieulot","W. Bangerth",5,"co-hacks"
"C. Thieulot","Y. He",3,"co-hacks"
"E. G. Puckett","H. Lokavarapu",2,"co-hacks"
"E. G. Puckett","I. Rose",3,"co-hacks"
"E. G. Puckett","J. Austermann",4,"co-hacks"
"E. G. Puckett","J. Naliboff",3,"co-hacks"
"E. G. Puckett","J. M. Robey",1,"co-hacks"
"E. G. Puckett","J. Dannberg",4,"co-hacks"
"E. G. Puckett","L. Hwang",4,"co-hacks"
"E. G. Puckett","L. H. Kellogg",2,"co-hacks"
"E. G. Puckett","M. Fraters",4,"co-hacks"
"E. G. Puckett","R. Gassmöller",4,"co-hacks"
"E. G. Puckett","S. P. Cox",1,"co-hacks"
"E. G. Puckett","S. Liu",3,"co-hacks"
"E. G. Puckett","T. Rajaonarison",1,"co-hacks"
"E. G. Puckett","T. Heister",4,"co-hacks"
"E. G. Puckett","W. Bangerth",4,"co-hacks"
"E. G. Puckett","Y. He",3,"co-hacks"
"H. Lokavarapu","I. Rose",2,"co-hacks"
"H. Lokavarapu","J. Austermann",2,"co-hacks"
"H. Lokavarapu","J. Naliboff",2,"co-hacks"
"H. Lokavarapu","J. M. Robey",1,"co-hacks"
"H. Lokavarapu","J. Dannberg",2,"co-hacks"
"H. Lokavarapu","L. Hwang",2,"co-hacks"
"H. Lokavarapu","L. H. Kellogg",1,"co-hacks"
"H. Lokavarapu","M. Fraters",2,"co-hacks"
"H. Lokavarapu","R. Gassmöller",2,"co-hacks"
"H. Lokavarapu","S. P. Cox",1,"co-hacks"
"H. Lokavarapu","S. Liu",2,"co-hacks"
"H. Lokavarapu","T. Rajaonarison",1,"co-hacks"
"H. Lokavarapu","T. Heister",2,"co-hacks"
"H. Lokavarapu","W. Bangerth",2,"co-hacks"
"H. Lokavarapu","Y. He",2,"co-hacks"
"I. Rose","J. Austermann",4,"co-hacks"
"I. Rose","J. Naliboff",2,"co-hacks"
"I. Rose","J. M. Robey",1,"co-hacks"
"I. Rose","J. Dannberg",4,"co-hacks"
"I. Rose","L. Hwang",3,"co-hacks"
"I. Rose","L. H. Kellogg",2,"co-hacks"
"I. Rose","M. Fraters",4,"co-hacks"
"I. Rose","R. Gassmöller",4,"co-hacks"
"I. Rose","S. P. Cox",1,"co-hacks"
"I. Rose","S. Liu",3,"co-hacks"
"I. Rose","T. Rajaonarison",1,"co-hacks"
"I. Rose","T. Heister",4,"co-hacks"
"I. Rose","W. Bangerth",4,"co-hacks"
"I. Rose","Y. He",3,"co-hacks"
"J. Austermann","J. Naliboff",3,"co-hacks"
"J. Austermann","J. M. Robey",1,"co-hacks"
"J. Austermann","J. Dannberg",5,"co-hacks"
"J. Austermann","L. Hwang",4,"co-hacks"
"J. Austermann","L. H. Kellogg",2,"co-hacks"
"J. Austermann","M. Fraters",5,"co-hacks"
"J. Austermann","R. Gassmöller",5,"co-hacks"
"J. Austermann","S. P. Cox",1,"co-hacks"
"J. Austermann","S. Liu",3,"co-hacks"
"J. Austermann","T. Rajaonarison",1,"co-hacks"
"J. Austermann","T. Heister",5,"co-hacks"
"J. Austermann","W. Bangerth",5,"co-hacks"
"J. Austermann","Y. He",3,"co-hacks"
"J. Naliboff","J. M. Robey",1,"co-hacks"
"J. Naliboff","J. Dannberg",3,"co-hacks"
"J. Naliboff","L. Hwang",3,"co-hacks"
"J. Naliboff","L. H. Kellogg",1,"co-hacks"
"J. Naliboff","M. Fraters",3,"co-hacks"
"J. Naliboff","R. Gassmöller",3,"co-hacks"
"J. Naliboff","S. P. Cox",1,"co-hacks"
"J. Naliboff","S. Liu",2,"co-hacks"
"J. Naliboff","T. Rajaonarison",1,"co-hacks"
"J. Naliboff","T. Heister",3,"co-hacks"
"J. Naliboff","W. Bangerth",3,"co-hacks"
"J. Naliboff","Y. He",2,"co-hacks"
"J. M. Robey","J. Dannberg",1,"co-hacks"
"J. M. Robey","L. Hwang",1,"co-hacks"
"J. M. Robey","L. H. Kellogg",1,"co-hacks"
"J. M. Robey","M. Fraters",1,"co-hacks"
"J. M. Robey","R. Gassmöller",1,"co-hacks"
"J. M. Robey","S. P. Cox",1,"co-hacks"
"J. M. Robey","S. Liu",1,"co-hacks"
"J. M. Robey","T. Rajaonarison",1,"co-hacks"
"J. M. Robey","T. Heister",1,"co-hacks"
"J. M. Robey","W. Bangerth",1,"co-hacks"
"J. M. Robey","Y. He",1,"co-hacks"
"J. Dannberg","L. Hwang",4,"co-hacks"
"J. Dannberg","L. H. Kellogg",2,"co-hacks"
"J. Dannberg","M. Fraters",5,"co-hacks"
"J. Dannberg","R. Gassmöller",5,"co-hacks"
"J. Dannberg","S. P. Cox",1,"co-hacks"
"J. Dannberg","S. Liu",3,"co-hacks"
"J. Dannberg","T. Rajaonarison",1,"co-hacks"
"J. Dannberg","T. Heister",5,"co-hacks"
"J. Dannberg","W. Bangerth",5,"co-hacks"
"J. Dannberg","Y. He",3,"co-hacks"
"L. Hwang","L. H. Kellogg",2,"co-hacks"
"L. Hwang","M. Fraters",4,"co-hacks"
"L. Hwang","R. Gassmöller",4,"co-hacks"
"L. Hwang","S. P. Cox",1,"co-hacks"
"L. Hwang","S. Liu",3,"co-hacks"
"L. Hwang","T. Rajaonarison",1,"co-hacks"
"L. Hwang","T. Heister",4,"co-hacks"
"L. Hwang","W. Bangerth",4,"co-hacks"
"L. Hwang","Y. He",3,"co-hacks"
"L. H. Kellogg","M. Fraters",2,"co-hacks"
"L. H. Kellogg","R. Gassmöller",2,"co-hacks"
"L. H. Kellogg","S. P. Cox",1,"co-hacks"
"L. H. Kellogg","S. Liu",2,"co-hacks"
"L. H. Kellogg","T. Rajaonarison",1,"co-hacks"
"L. H. Kellogg","T. Heister",2,"co-hacks"
"L. H. Kellogg","W. Bangerth",2,"co-hacks"
"L. H. Kellogg","Y. He",2,"co-hacks"
"M. Fraters","R. Gassmöller",5,"co-hacks"
"M. Fraters","S. P. Cox",1,"co-hacks"
"M. Fraters","S. Liu",3,"co-hacks"
"M. Fraters","T. Rajaonarison",1,"co-hacks"
"M. Fraters","T. Heister",5,"co-hacks"
"M. Fraters","W. Bangerth",5,"co-hacks"
"M. Fraters","Y. He",3,"co-hacks"
"R. Gassmöller","S. P. Cox",1,"co-hacks"
"R. Gassmöller","S. Liu",3,"co-hacks"
"R. Gassmöller","T. Rajaonarison",1,"co-hacks"
"R. Gassmöller","T. Heister",5,"co-hacks"
"R. Gassmöller","W. Bangerth",5,"co-hacks"
"R. Gassmöller","Y. He",3,"co-hacks"
"S. P. Cox","S. Liu",1,"co-hacks"
"S. P. Cox","T. Rajaonarison",1,"co-hacks"
"S. P. Cox","T. Heister",1,"co-hacks"
"S. P. Cox","W. Bangerth",1,"co-hacks"
"S. P. Cox","Y. He",1,"co-hacks"
"S. Liu","T. Rajaonarison",1,"co-hacks"
"S. Liu","T. Heister",3,"co-hacks"
"S. Liu","W. Bangerth",3,"co-hacks"
"S. Liu","Y. He",3,"co-hacks"
"T. Rajaonarison","T. Heister",1,"co-hacks"
"T. Rajaonarison","W. Bangerth",1,"co-hacks"
"T. Rajaonarison","Y. He",1,"co-hacks"
"T. Heister","W. Bangerth",5,"co-hacks"
"T. Heister","Y. He",3,"co-hacks"
"W. Bangerth","Y. He",3,"co-hacks"
"A. Glerum","A. Saxena",2,"co-hacks"
"A. Glerum","B. Myhill",3,"co-hacks"
"A. Glerum","C. Thieulot",5,"co-hacks"
"A. Glerum","E. G. Puckett",4,"co-hacks"
"A. Glerum","H. Lokavarapu",2,"co-hacks"
"A. Glerum","I. Rose",4,"co-hacks"
"A. Glerum","J. Austermann",5,"co-hacks"
"A. Glerum","J. Naliboff",3,"co-hacks"
"A. Glerum","J. Schools",2,"co-hacks"
"A. Glerum","J. Dannberg",5,"co-hacks"
"A. Glerum","L. Hwang",4,"co-hacks"
"A. Glerum","M. Weller",1,"co-hacks"
"A. Glerum","M. Fraters",5,"co-hacks"
"A. Glerum","P. Bremner",2,"co-hacks"
"A. Glerum","R. Gassmöller",5,"co-hacks"
"A. Glerum","R. Grove",3,"co-hacks"
"A. Glerum","S. Liu",3,"co-hacks"
"A. Glerum","T. Heister",5,"co-hacks"
"A. Glerum","W. Bangerth",5,"co-hacks"
"A. Glerum","Y. He",3,"co-hacks"
"A. Saxena","B. Myhill",2,"co-hacks"
"A. Saxena","C. Thieulot",2,"co-hacks"
"A. Saxena","E. G. Puckett",2,"co-hacks"
"A. Saxena","H. Lokavarapu",1,"co-hacks"
"A. Saxena","I. Rose",1,"co-hacks"
"A. Saxena","J. Austermann",2,"co-hacks"
"A. Saxena","J. Naliboff",2,"co-hacks"
"A. Saxena","J. Schools",2,"co-hacks"
"A. Saxena","J. Dannberg",2,"co-hacks"
"A. Saxena","L. Hwang",2,"co-hacks"
"A. Saxena","M. Weller",1,"co-hacks"
"A. Saxena","M. Fraters",2,"co-hacks"
"A. Saxena","P. Bremner",2,"co-hacks"
"A. Saxena","R. Gassmöller",2,"co-hacks"
"A. Saxena","R. Grove",1,"co-hacks"
"A. Saxena","S. Liu",1,"co-hacks"
"A. Saxena","T. Heister",2,"co-hacks"
"A. Saxena","W. Bangerth",2,"co-hacks"
"A. Saxena","Y. He",1,"co-hacks"
"B. Myhill","C. Thieulot",3,"co-hacks"
"B. Myhill","E. G. Puckett",3,"co-hacks"
"B. Myhill","H. Lokavarapu",1,"co-hacks"
"B. Myhill","I. Rose",2,"co-hacks"
"B. Myhill","J. Austermann",3,"co-hacks"
"B. Myhill","J. Naliboff",2,"co-hacks"
"B. Myhill","J. Schools",2,"co-hacks"
"B. Myhill","J. Dannberg",3,"co-hacks"
"B. Myhill","L. Hwang",3,"co-hacks"
"B. Myhill","M. Weller",1,"co-hacks"
"B. Myhill","M. Fraters",3,"co-hacks"
"B. Myhill","P. Bremner",2,"co-hacks"
"B. Myhill","R. Gassmöller",3,"co-hacks"
"B. Myhill","R. Grove",2,"co-hacks"
"B. Myhill","S. Liu",2,"co-hacks"
"B. Myhill","T. Heister",3,"co-hacks"
"B. Myhill","W. Bangerth",3,"co-hacks"
"B. Myhill","Y. He",2,"co-hacks"
"C. Thieulot","E. G. Puckett",4,"co-hacks"
"C. Thieulot","H. Lokavarapu",2,"co-hacks"
"C. Thieulot","I. Rose",4,"co-hacks"
"C. Thieulot","J. Austermann",5,"co-hacks"
"C. Thieulot","J. Naliboff",3,"co-hacks"
"C. Thieulot","J. Schools",2,"co-hacks"
"C. Thieulot","J. Dannberg",5,"co-hacks"
"C. Thieulot","L. Hwang",4,"co-hacks"
"C. Thieulot","M. Weller",1,"co-hacks"
"C. Thieulot","M. Fraters",5,"co-hacks"
"C. Thieulot","P. Bremner",2,"co-hacks"
"C. Thieulot","R. Gassmöller",5,"co-hacks"
"C. Thieulot","R. Grove",3,"co-hacks"
"C. Thieulot","S. Liu",3,"co-hacks"
"C. Thieulot","T. Heister",5,"co-hacks"
"C. Thieulot","W. Bangerth",5,"co-hacks"
"C. Thieulot","Y. He",3,"co-hacks"
"E. G. Puckett","H. Lokavarapu",2,"co-hacks"
"E. G. Puckett","I. Rose",3,"co-hacks"
"E. G. Puckett","J. Austermann",4,"co-hacks"
"E. G. Puckett","J. Naliboff",3,"co-hacks"
"E. G. Puckett","J. Schools",2,"co-hacks"
"E. G. Puckett","J. Dannberg",4,"co-hacks"
"E. G. Puckett","L. Hwang",4,"co-hacks"
"E. G. Puckett","M. Weller",1,"co-hacks"
"E. G. Puckett","M. Fraters",4,"co-hacks"
"E. G. Puckett","P. Bremner",2,"co-hacks"
"E. G. Puckett","R. Gassmöller",4,"co-hacks"
"E. G. Puckett","R. Grove",2,"co-hacks"
"E. G. Puckett","S. Liu",3,"co-hacks"
"E. G. Puckett","T. Heister",4,"co-hacks"
"E. G. Puckett","W. Bangerth",4,"co-hacks"
"E. G. Puckett","Y. He",3,"co-hacks"
"H. Lokavarapu","I. Rose",2,"co-hacks"
"H. Lokavarapu","J. Austermann",2,"co-hacks"
"H. Lokavarapu","J. Naliboff",2,"co-hacks"
"H. Lokavarapu","J. Schools",1,"co-hacks"
"H. Lokavarapu","J. Dannberg",2,"co-hacks"
"H. Lokavarapu","L. Hwang",2,"co-hacks"
"H. Lokavarapu","M. Weller",1,"co-hacks"
"H. Lokavarapu","M. Fraters",2,"co-hacks"
"H. Lokavarapu","P. Bremner",1,"co-hacks"
"H. Lokavarapu","R. Gassmöller",2,"co-hacks"
"H. Lokavarapu","R. Grove",1,"co-hacks"
"H. Lokavarapu","S. Liu",2,"co-hacks"
"H. Lokavarapu","T. Heister",2,"co-hacks"
"H. Lokavarapu","W. Bangerth",2,"co-hacks"
"H. Lokavarapu","Y. He",2,"co-hacks"
"I. Rose","J. Austermann",4,"co-hacks"
"I. Rose","J. Naliboff",2,"co-hacks"
"I. Rose","J. Schools",1,"co-hacks"
"I. Rose","J. Dannberg",4,"co-hacks"
"I. Rose","L. Hwang",3,"co-hacks"
"I. Rose","M. Weller",1,"co-hacks"
"I. Rose","M. Fraters",4,"co-hacks"
"I. Rose","P. Bremner",1,"co-hacks"
"I. Rose","R. Gassmöller",4,"co-hacks"
"I. Rose","R. Grove",3,"co-hacks"
"I. Rose","S. Liu",3,"co-hacks"
"I. Rose","T. Heister",4,"co-hacks"
"I. Rose","W. Bangerth",4,"co-hacks"
"I. Rose","Y. He",3,"co-hacks"
"J. Austermann","J. Naliboff",3,"co-hacks"
"J. Austermann","J. Schools",2,"co-hacks"
"J. Austermann","J. Dannberg",5,"co-hacks"
"J. Austermann","L. Hwang",4,"co-hacks"
"J. Austermann","M. Weller",1,"co-hacks"
"J. Austermann","M. Fraters",5,"co-hacks"
"J. Austermann","P. Bremner",2,"co-hacks"
"J. Austermann","R. Gassmöller",5,"co-hacks"
"J. Austermann","R. Grove",3,"co-hacks"
"J. Austermann","S. Liu",3,"co-hacks"
"J. Austermann","T. Heister",5,"co-hacks"
"J. Austermann","W. Bangerth",5,"co-hacks"
"J. Austermann","Y. He",3,"co-hacks"
"J. Naliboff","J. Schools",2,"co-hacks"
"J. Naliboff","J. Dannberg",3,"co-hacks"
"J. Naliboff","L. Hwang",3,"co-hacks"
"J. Naliboff","M. Weller",1,"co-hacks"
"J. Naliboff","M. Fraters",3,"co-hacks"
"J. Naliboff","P. Bremner",2,"co-hacks"
"J. Naliboff","R. Gassmöller",3,"co-hacks"
"J. Naliboff","R. Grove",1,"co-hacks"
"J. Naliboff","S. Liu",2,"co-hacks"
"J. Naliboff","T. Heister",3,"co-hacks"
"J. Naliboff","W. Bangerth",3,"co-hacks"
"J. Naliboff","Y. He",2,"co-hacks"
"J. Schools","J. Dannberg",2,"co-hacks"
"J. Schools","L. Hwang",2,"co-hacks"
"J. Schools","M. Weller",1,"co-hacks"
"J. Schools","M. Fraters",2,"co-hacks"
"J. Schools","P. Bremner",2,"co-hacks"
"J. Schools","R. Gassmöller",2,"co-hacks"
"J. Schools","R. Grove",1,"co-hacks"
"J. Schools","S. Liu",1,"co-hacks"
"J. Schools","T. Heister",2,"co-hacks"
"J. Schools","W. Bangerth",2,"co-hacks"
"J. Schools","Y. He",1,"co-hacks"
"J. Dannberg","L. Hwang",4,"co-hacks"
"J. Dannberg","M. Weller",1,"co-hacks"
"J. Dannberg","M. Fraters",5,"co-hacks"
"J. Dannberg","P. Bremner",2,"co-hacks"
"J. Dannberg","R. Gassmöller",5,"co-hacks"
"J. Dannberg","R. Grove",3,"co-hacks"
"J. Dannberg","S. Liu",3,"co-hacks"
"J. Dannberg","T. Heister",5,"co-hacks"
"J. Dannberg","W. Bangerth",5,"co-hacks"
"J. Dannberg","Y. He",3,"co-hacks"
"L. Hwang","M. Weller",1,"co-hacks"
"L. Hwang","M. Fraters",4,"co-hacks"
"L. Hwang","P. Bremner",2,"co-hacks"
"L. Hwang","R. Gassmöller",4,"co-hacks"
"L. Hwang","R. Grove",2,"co-hacks"
"L. Hwang","S. Liu",3,"co-hacks"
"L. Hwang","T. Heister",4,"co-hacks"
"L. Hwang","W. Bangerth",4,"co-hacks"
"L. Hwang","Y. He",3,"co-hacks"
"M. Weller","M. Fraters",1,"co-hacks"
"M. Weller","P. Bremner",1,"co-hacks"
"M. Weller","R. Gassmöller",1,"co-hacks"
"M. Weller","R. Grove",1,"co-hacks"
"M. Weller","S. Liu",1,"co-hacks"
"M. Weller","T. Heister",1,"co-hacks"
"M. Weller","W. Bangerth",1,"co-hacks"
"M. Weller","Y. He",1,"co-hacks"
"M. Fraters","P. Bremner",2,"co-hacks"
"M. Fraters","R. Gassmöller",5,"co-hacks"
"M. Fraters","R. Grove",3,"co-hacks"
"M. Fraters","S. Liu",3,"co-hacks"
"M. Fraters","T. Heister",5,"co-hacks"
"M. Fraters","W. Bangerth",5,"co-hacks"
"M. Fraters","Y. He",3,"co-hacks"
"P. Bremner","R. Gassmöller",2,"co-hacks"
"P. Bremner","R. Grove",1,"co-hacks"
"P. Bremner","S. Liu",1,"co-hacks"
"P. Bremner","T. Heister",2,"co-hacks"
"P. Bremner","W. Bangerth",2,"co-hacks"
"P. Bremner","Y. He",1,"co-hacks"
"R. Gassmöller","R. Grove",3,"co-hacks"
"R. Gassmöller","S. Liu",3,"co-hacks"
"R. Gassmöller","T. Heister",5,"co-hacks"
"R. Gassmöller","W. Bangerth",5,"co-hacks"
"R. Gassmöller","Y. He",3,"co-hacks"
"R. Grove","S. Liu",2,"co-hacks"
"R. Grove","T. Heister",3,"co-hacks"
"R. Grove","W. Bangerth",3,"co-hacks"
"R. Grove","Y. He",2,"co-hacks"
"S. Liu","T. Heister",3,"co-hacks"
"S. Liu","W. Bangerth",3,"co-hacks"
"S. Liu","Y. He",3,"co-hacks"
"T. Heister","W. Bangerth",5,"co-hacks"
"T. Heister","Y. He",3,"co-hacks"
"W. Bangerth","Y. He",3,"co-hacks"
"A. Glerum","A. Saxena",2,"co-hacks"
"A. Glerum","B. Niday",1,"co-hacks"
"A. Glerum","B. Myhill",3,"co-hacks"
"A. Glerum","C. Thieulot",5,"co-hacks"
"A. Glerum","D. Peng",1,"co-hacks"
"A. Glerum","E. G. Puckett",4,"co-hacks"
"A. Glerum","E. Njinju",1,"co-hacks"
"A. Glerum","H. Mark",1,"co-hacks"
"A. Glerum","J. Austermann",5,"co-hacks"
"A. Glerum","J. Naliboff",3,"co-hacks"
"A. Glerum","J. Kay",1,"co-hacks"
"A. Glerum","J. Schools",2,"co-hacks"
"A. Glerum","J. Dannberg",5,"co-hacks"
"A. Glerum","L. Hwang",4,"co-hacks"
"A. Glerum","L. Jeanniot",1,"co-hacks"
"A. Glerum","M. Thomas",1,"co-hacks"
"A. Glerum","M. Fraters",5,"co-hacks"
"A. Glerum","P. Bremner",2,"co-hacks"
"A. Glerum","R. Gassmöller",5,"co-hacks"
"A. Glerum","S. Coulson",1,"co-hacks"
"A. Glerum","T. Heister",5,"co-hacks"
"A. Glerum","W. Wang",1,"co-hacks"
"A. Glerum","W. Bangerth",5,"co-hacks"
"A. Saxena","B. Niday",1,"co-hacks"
"A. Saxena","B. Myhill",2,"co-hacks"
"A. Saxena","C. Thieulot",2,"co-hacks"
"A. Saxena","D. Peng",1,"co-hacks"
"A. Saxena","E. G. Puckett",2,"co-hacks"
"A. Saxena","E. Njinju",1,"co-hacks"
"A. Saxena","H. Mark",1,"co-hacks"
"A. Saxena","J. Austermann",2,"co-hacks"
"A. Saxena","J. Naliboff",2,"co-hacks"
"A. Saxena","J. Kay",1,"co-hacks"
"A. Saxena","J. Schools",2,"co-hacks"
"A. Saxena","J. Dannberg",2,"co-hacks"
"A. Saxena","L. Hwang",2,"co-hacks"
"A. Saxena","L. Jeanniot",1,"co-hacks"
"A. Saxena","M. Thomas",1,"co-hacks"
"A. Saxena","M. Fraters",2,"co-hacks"
"A. Saxena","P. Bremner",2,"co-hacks"
"A. Saxena","R. Gassmöller",2,"co-hacks"
"A. Saxena","S. Coulson",1,"co-hacks"
"A. Saxena","T. Heister",2,"co-hacks"
"A. Saxena","W. Wang",1,"co-hacks"
"A. Saxena","W. Bangerth",2,"co-hacks"
"B. Niday","B. Myhill",1,"co-hacks"
"B. Niday","C. Thieulot",1,"co-hacks"
"B. Niday","D. Peng",1,"co-hacks"
"B. Niday","E. G. Puckett",1,"co-hacks"
"B. Niday","E. Njinju",1,"co-hacks"
"B. Niday","H. Mark",1,"co-hacks"
"B. Niday","J. Austermann",1,"co-hacks"
"B. Niday","J. Naliboff",1,"co-hacks"
"B. Niday","J. Kay",1,"co-hacks"
"B. Niday","J. Schools",1,"co-hacks"
"B. Niday","J. Dannberg",1,"co-hacks"
"B. Niday","L. Hwang",1,"co-hacks"
"B. Niday","L. Jeanniot",1,"co-hacks"
"B. Niday","M. Thomas",1,"co-hacks"
"B. Niday","M. Fraters",1,"co-hacks"
"B. Niday","P. Bremner",1,"co-hacks"
"B. Niday","R. Gassmöller",1,"co-hacks"
"B. Niday","S. Coulson",1,"co-hacks"
"B. Niday","T. Heister",1,"co-hacks"
"B. Niday","W. Wang",1,"co-hacks"
"B. Niday","W. Bangerth",1,"co-hacks"
"B. Myhill","C. Thieulot",3,"co-hacks"
"B. Myhill","D. Peng",1,"co-hacks"
"B. Myhill","E. G. Puckett",3,"co-hacks"
"B. Myhill","E. Njinju",1,"co-hacks"
"B. Myhill","H. Mark",1,"co-hacks"
"B. Myhill","J. Austermann",3,"co-hacks"
"B. Myhill","J. Naliboff",2,"co-hacks"
"B. Myhill","J. Kay",1,"co-hacks"
"B. Myhill","J. Schools",2,"co-hacks"
"B. Myhill","J. Dannberg",3,"co-hacks"
"B. Myhill","L. Hwang",3,"co-hacks"
"B. Myhill","L. Jeanniot",1,"co-hacks"
"B. Myhill","M. Thomas",1,"co-hacks"
"B. Myhill","M. Fraters",3,"co-hacks"
"B. Myhill","P. Bremner",2,"co-hacks"
"B. Myhill","R. Gassmöller",3,"co-hacks"
"B. Myhill","S. Coulson",1,"co-hacks"
"B. Myhill","T. Heister",3,"co-hacks"
"B. Myhill","W. Wang",1,"co-hacks"
"B. Myhill","W. Bangerth",3,"co-hacks"
"C. Thieulot","D. Peng",1,"co-hacks"
"C. Thieulot","E. G. Puckett",4,"co-hacks"
"C. Thieulot","E. Njinju",1,"co-hacks"
"C. Thieulot","H. Mark",1,"co-hacks"
"C. Thieulot","J. Austermann",5,"co-hacks"
"C. Thieulot","J. Naliboff",3,"co-hacks"
"C. Thieulot","J. Kay",1,"co-hacks"
"C. Thieulot","J. Schools",2,"co-hacks"
"C. Thieulot","J. Dannberg",5,"co-hacks"
"C. Thieulot","L. Hwang",4,"co-hacks"
"C. Thieulot","L. Jeanniot",1,"co-hacks"
"C. Thieulot","M. Thomas",1,"co-hacks"
"C. Thieulot","M. Fraters",5,"co-hacks"
"C. Thieulot","P. Bremner",2,"co-hacks"
"C. Thieulot","R. Gassmöller",5,"co-hacks"
"C. Thieulot","S. Coulson",1,"co-hacks"
"C. Thieulot","T. Heister",5,"co-hacks"
"C. Thieulot","W. Wang",1,"co-hacks"
"C. Thieulot","W. Bangerth",5,"co-hacks"
"D. Peng","E. G. Puckett",1,"co-hacks"
"D. Peng","E. Njinju",1,"co-hacks"
"D. Peng","H. Mark",1,"co-hacks"
"D. Peng","J. Austermann",1,"co-hacks"
"D. Peng","J. Naliboff",1,"co-hacks"
"D. Peng","J. Kay",1,"co-hacks"
"D. Peng","J. Schools",1,"co-hacks"
"D. Peng","J. Dannberg",1,"co-hacks"
"D. Peng","L. Hwang",1,"co-hacks"
"D. Peng","L. Jeanniot",1,"co-hacks"
"D. Peng","M. Thomas",1,"co-hacks"
"D. Peng","M. Fraters",1,"co-hacks"
"D. Peng","P. Bremner",1,"co-hacks"
"D. Peng","R. Gassmöller",1,"co-hacks"
"D. Peng","S. Coulson",1,"co-hacks"
"D. Peng","T. Heister",1,"co-hacks"
"D. Peng","W. Wang",1,"co-hacks"
"D. Peng","W. Bangerth",1,"co-hacks"
"E. G. Puckett","E. Njinju",1,"co-hacks"
"E. G. Puckett","H. Mark",1,"co-hacks"
"E. G. Puckett","J. Austermann",4,"co-hacks"
"E. G. Puckett","J. Naliboff",3,"co-hacks"
"E. G. Puckett","J. Kay",1,"co-hacks"
"E. G. Puckett","J. Schools",2,"co-hacks"
"E. G. Puckett","J. Dannberg",4,"co-hacks"
"E. G. Puckett","L. Hwang",4,"co-hacks"
"E. G. Puckett","L. Jeanniot",1,"co-hacks"
"E. G. Puckett","M. Thomas",1,"co-hacks"
"E. G. Puckett","M. Fraters",4,"co-hacks"
"E. G. Puckett","P. Bremner",2,"co-hacks"
"E. G. Puckett","R. Gassmöller",4,"co-hacks"
"E. G. Puckett","S. Coulson",1,"co-hacks"
"E. G. Puckett","T. Heister",4,"co-hacks"
"E. G. Puckett","W. Wang",1,"co-hacks"
"E. G. Puckett","W. Bangerth",4,"co-hacks"
"E. Njinju","H. Mark",1,"co-hacks"
"E. Njinju","J. Austermann",1,"co-hacks"
"E. Njinju","J. Naliboff",1,"co-hacks"
"E. Njinju","J. Kay",1,"co-hacks"
"E. Njinju","J. Schools",1,"co-hacks"
"E. Njinju","J. Dannberg",1,"co-hacks"
"E. Njinju","L. Hwang",1,"co-hacks"
"E. Njinju","L. Jeanniot",1,"co-hacks"
"E. Njinju","M. Thomas",1,"co-hacks"
"E. Njinju","M. Fraters",1,"co-hacks"
"E. Njinju","P. Bremner",1,"co-hacks"
"E. Njinju","R. Gassmöller",1,"co-hacks"
"E. Njinju","S. Coulson",1,"co-hacks"
"E. Njinju","T. Heister",1,"co-hacks"
"E. Njinju","W. Wang",1,"co-hacks"
"E. Njinju","W. Bangerth",1,"co-hacks"
"H. Mark","J. Austermann",1,"co-hacks"
"H. Mark","J. Naliboff",1,"co-hacks"
"H. Mark","J. Kay",1,"co-hacks"
"H. Mark","J. Schools",1,"co-hacks"
"H. Mark","J. Dannberg",1,"co-hacks"
"H. Mark","L. Hwang",1,"co-hacks"
"H. Mark","L. Jeanniot",1,"co-hacks"
"H. Mark","M. Thomas",1,"co-hacks"
"H. Mark","M. Fraters",1,"co-hacks"
"H. Mark","P. Bremner",1,"co-hacks"
"H. Mark","R. Gassmöller",1,"co-hacks"
"H. Mark","S. Coulson",1,"co-hacks"
"H. Mark","T. Heister",1,"co-hacks"
"H. Mark","W. Wang",1,"co-hacks"
"H. Mark","W. Bangerth",1,"co-hacks"
"J. Austermann","J. Naliboff",3,"co-hacks"
"J. Austermann","J. Kay",1,"co-hacks"
"J. Austermann","J. Schools",2,"co-hacks"
"J. Austermann","J. Dannberg",5,"co-hacks"
"J. Austermann","L. Hwang",4,"co-hacks"
"J. Austermann","L. Jeanniot",1,"co-hacks"
"J. Austermann","M. Thomas",1,"co-hacks"
"J. Austermann","M. Fraters",5,"co-hacks"
"J. Austermann","P. Bremner",2,"co-hacks"
"J. Austermann","R. Gassmöller",5,"co-hacks"
"J. Austermann","S. Coulson",1,"co-hacks"
"J. Austermann","T. Heister",5,"co-hacks"
"J. Austermann","W. Wang",1,"co-hacks"
"J. Austermann","W. Bangerth",5,"co-hacks"
"J. Naliboff","J. Kay",1,"co-hacks"
"J. Naliboff","J. Schools",2,"co-hacks"
"J. Naliboff","J. Dannberg",3,"co-hacks"
"J. Naliboff","L. Hwang",3,"co-hacks"
"J. Naliboff","L. Jeanniot",1,"co-hacks"
"J. Naliboff","M. Thomas",1,"co-hacks"
"J. Naliboff","M. Fraters",3,"co-hacks"
"J. Naliboff","P. Bremner",2,"co-hacks"
"J. Naliboff","R. Gassmöller",3,"co-hacks"
"J. Naliboff","S. Coulson",1,"co-hacks"
"J. Naliboff","T. Heister",3,"co-hacks"
"J. Naliboff","W. Wang",1,"co-hacks"
"J. Naliboff","W. Bangerth",3,"co-hacks"
"J. Kay","J. Schools",1,"co-hacks"
"J. Kay","J. Dannberg",1,"co-hacks"
"J. Kay","L. Hwang",1,"co-hacks"
"J. Kay","L. Jeanniot",1,"co-hacks"
"J. Kay","M. Thomas",1,"co-hacks"
"J. Kay","M. Fraters",1,"co-hacks"
"J. Kay","P. Bremner",1,"co-hacks"
"J. Kay","R. Gassmöller",1,"co-hacks"
"J. Kay","S. Coulson",1,"co-hacks"
"J. Kay","T. Heister",1,"co-hacks"
"J. Kay","W. Wang",1,"co-hacks"
"J. Kay","W. Bangerth",1,"co-hacks"
"J. Schools","J. Dannberg",2,"co-hacks"
"J. Schools","L. Hwang",2,"co-hacks"
"J. Schools","L. Jeanniot",1,"co-hacks"
"J. Schools","M. Thomas",1,"co-hacks"
"J. Schools","M. Fraters",2,"co-hacks"
"J. Schools","P. Bremner",2,"co-hacks"
"J. Schools","R. Gassmöller",2,"co-hacks"
"J. Schools","S. Coulson",1,"co-hacks"
"J. Schools","T. Heister",2,"co-hacks"
"J. Schools","W. Wang",1,"co-hacks"
"J. Schools","W. Bangerth",2,"co-hacks"
"J. Dannberg","L. Hwang",4,"co-hacks"
"J. Dannberg","L. Jeanniot",1,"co-hacks"
"J. Dannberg","M. Thomas",1,"co-hacks"
"J. Dannberg","M. Fraters",5,"co-hacks"
"J. Dannberg","P. Bremner",2,"co-hacks"
"J. Dannberg","R. Gassmöller",5,"co-hacks"
"J. Dannberg","S. Coulson",1,"co-hacks"
"J. Dannberg","T. Heister",5,"co-hacks"
"J. Dannberg","W. Wang",1,"co-hacks"
"J. Dannberg","W. Bangerth",5,"co-hacks"
"L. Hwang","L. Jeanniot",1,"co-hacks"
"L. Hwang","M. Thomas",1,"co-hacks"
"L. Hwang","M. Fraters",4,"co-hacks"
"L. Hwang","P. Bremner",2,"co-hacks"
"L. Hwang","R. Gassmöller",4,"co-hacks"
"L. Hwang","S. Coulson",1,"co-hacks"
"L. Hwang","T. Heister",4,"co-hacks"
"L. Hwang","W. Wang",1,"co-hacks"
"L. Hwang","W. Bangerth",4,"co-hacks"
"L. Jeanniot","M. Thomas",1,"co-hacks"
"L. Jeanniot","M. Fraters",1,"co-hacks"
"L. Jeanniot","P. Bremner",1,"co-hacks"
"L. Jeanniot","R. Gassmöller",1,"co-hacks"
"L. Jeanniot","S. Coulson",1,"co-hacks"
"L. Jeanniot","T. Heister",1,"co-hacks"
"L. Jeanniot","W. Wang",1,"co-hacks"
"L. Jeanniot","W. Bangerth",1,"co-hacks"
"M. Thomas","M. Fraters",1,"co-hacks"
"M. Thomas","P. Bremner",1,"co-hacks"
"M. Thomas","R. Gassmöller",1,"co-hacks"
"M. Thomas","S. Coulson",1,"co-hacks"
"M. Thomas","T. Heister",1,"co-hacks"
"M. Thomas","W. Wang",1,"co-hacks"
"M. Thomas","W. Bangerth",1,"co-hacks"
"M. Fraters","P. Bremner",2,"co-hacks"
"M. Fraters","R. Gassmöller",5,"co-hacks"
"M. Fraters","S. Coulson",1,"co-hacks"
"M. Fraters","T. Heister",5,"co-hacks"
"M. Fraters","W. Wang",1,"co-hacks"
"M. Fraters","W. Bangerth",5,"co-hacks"
"P. Bremner","R. Gassmöller",2,"co-hacks"
"P. Bremner","S. Coulson",1,"co-hacks"
"P. Bremner","T. Heister",2,"co-hacks"
"P. Bremner","W. Wang",1,"co-hacks"
"P. Bremner","W. Bangerth",2,"co-hacks"
"R. Gassmöller","S. Coulson",1,"co-hacks"
"R. Gassmöller","T. Heister",5,"co-hacks"
"R. Gassmöller","W. Wang",1,"co-hacks"
"R. Gassmöller","W. Bangerth",5,"co-hacks"
"S. Coulson","T. Heister",1,"co-hacks"
"S. Coulson","W. Wang",1,"co-hacks"
"S. Coulson","W. Bangerth",1,"co-hacks"
"T. Heister","W. Wang",1,"co-hacks"
"T. Heister","W. Bangerth",5,"co-hacks"
"W. Wang","W. Bangerth",1,"co-hacks"
